{"val Slot F1": 0.0006920415224913495, "val Intent acc": 0.7369477911646586, "_timestamp": 1723231399.288632, "train loss": 1.6503287553787231, "_runtime": 157.2879958152771, "_step": 15, "_wandb": {"runtime": 181}}