{"val Slot F1": 0.0, "val Intent acc": 0.7369477911646586, "_timestamp": 1722850424.6812634, "train loss": 7.436217853001186, "_runtime": 28.000120401382446, "_step": 15, "_wandb": {"runtime": 30}}