{"_wandb": {"runtime": 26}, "val Slot F1": 0.0, "val Intent acc": 0.7369477911646586, "_timestamp": 1723297708.3386595, "train loss": 3.395801728112357, "_runtime": 22.83317542076111, "_step": 1}