{"_wandb": {"runtime": 63}, "val Slot F1": 0.448966613672496, "val Intent acc": 0.7369477911646586, "_timestamp": 1723374323.9276652, "train loss": 4.02763979775565, "_runtime": 32.690789222717285, "_step": 1}