{"val Slot F1": 0.9698224852071006, "val Intent acc": 0.9819277108433735, "_timestamp": 1723565075.6563208, "train loss": 0.0037558312195220163, "_runtime": 415.7262878417969, "_step": 110, "mean Slot F1": 0.9281437125748503, "mean Intent accuracy": 0.9339305711086227, "_wandb": {"runtime": 414}}