{"_wandb": {"runtime": 34}, "val Slot F1": 0.8856132075471699, "val Intent acc": 0.9196787148594378, "_timestamp": 1723373274.6739354, "train loss": 1.8492817333766391, "_runtime": 32.7545645236969, "_step": 1}