{"_wandb": {"runtime": 29}, "train perplexity": 9997.031853974036, "train loss": 9.210043513315414, "_timestamp": 1722764795.936231, "val perplexity": 9992.982645963311, "val loss": 9.209638390240979, "_runtime": 17.844883918762207, "_step": 1}