{"_wandb": {"runtime": 25}, "train perplexity": 661.4285021463903, "train loss": 6.494401893278683, "_timestamp": 1722786167.2689602, "val perplexity": 383.56163636300323, "val loss": 6.494401893278683, "_runtime": 22.490613222122192, "_step": 1}