{"val Slot F1": 0.9561893560717436, "val Intent acc": 0.9879518072289156, "_timestamp": 1723392619.3893251, "train loss": 0.1005390356693949, "_runtime": 876.1372201442719, "_step": 30, "mean Slot F1": 0.9326805385556916, "mean Intent accuracy": 0.9720044792833147, "_wandb": {"runtime": 875}}