{"val Slot F1": 0, "val Intent acc": 0.7369477911646586, "_timestamp": 1723560892.0447, "train loss": 2.7832611969539096, "_runtime": 17.31702494621277, "_step": 25, "mean Slot F1": 0.003481894150417827, "mean Intent accuracy": 0.7077267637178052, "_wandb": {"runtime": 16}}