{"val Slot F1": 0, "val Intent acc": 0.7369477911646586, "_timestamp": 1723561752.0953271, "train loss": 2.812615271977016, "_runtime": 17.102062225341797, "_step": 25, "mean Slot F1": 0.0007034822370735139, "mean Intent accuracy": 0.7077267637178052, "_wandb": {"runtime": 16}}