{"val Slot F1": 0.935806831566549, "val Intent acc": 0.9879518072289156, "_timestamp": 1723377146.941867, "train loss": 0.21322522163391114, "_runtime": 148.25584721565247, "_step": 5, "_wandb": {"runtime": 174}}