{"val Slot F1": 0.9722877358490566, "val Intent acc": 0.9919678714859438, "_timestamp": 1723379577.8196194, "train loss": 0.07526879236102105, "_runtime": 225.0479874610901, "_step": 10, "mean Slot F1": 0.9390479536272617, "mean Intent accuracy": 0.9720044792833147, "_wandb": {"runtime": 224}}