{"val Slot F1": 0.9752504419563937, "val Intent acc": 0.9899598393574297, "_timestamp": 1723299539.327754, "train loss": 0.007257771605093564, "_runtime": 528.7298469543457, "_step": 30, "_wandb": {"runtime": 718}}