{"val Slot F1": 0.977346278317152, "val Intent acc": 0.9879518072289156, "_timestamp": 1723376991.860365, "train loss": 0.007139870205095836, "_runtime": 869.2828500270844, "_step": 30, "mean Slot F1": 0.9448348559381587, "mean Intent accuracy": 0.9720044792833147, "_wandb": {"runtime": 868}}