{"val Slot F1": 0.978497790868925, "val Intent acc": 0.9899598393574297, "_timestamp": 1723298758.7900074, "train loss": 0.002752499332252358, "_runtime": 529.5463833808899, "_step": 30, "_wandb": {"runtime": 587}}