{"val Slot F1": 0.0, "val Intent acc": 0.7369477911646586, "_timestamp": 1723298036.810997, "train loss": 2.9669577530452185, "_runtime": 179.3965721130371, "_step": 10, "_wandb": {"runtime": 254}}