{"val Slot F1": 0.9625920471281296, "val Intent acc": 0.9899598393574297, "_timestamp": 1723394391.7577133, "train loss": 0.09657618552446365, "_runtime": 882.4809443950653, "_step": 30, "mean Slot F1": 0.9325862370863247, "mean Intent accuracy": 0.9708846584546472, "_wandb": {"runtime": 881}}