{"val Slot F1": 0.9719018041999409, "val Intent acc": 0.9738955823293173, "_timestamp": 1723561611.9933176, "train loss": 0.010681613521384341, "_runtime": 112.90872859954834, "_step": 200, "mean Slot F1": 0.9415091005477999, "mean Intent accuracy": 0.9462486002239642, "_wandb": {"runtime": 111}}