{"_wandb": {"runtime": 69}, "train perplexity": 9861.817024111064, "train loss": 9.196425712982977, "_timestamp": 1722262753.3671987, "eval perplexity": 9693.358736631702, "eval loss": 9.179196263673818, "_runtime": 48.004692792892456, "_step": 1}