{"val Slot F1": 0.9736452472608824, "val Intent acc": 0.9819277108433735, "_timestamp": 1723558387.24847, "train loss": 0.0016724429658747145, "_runtime": 24.76521396636963, "_step": 40, "mean Slot F1": 0.9369688385269122, "mean Intent accuracy": 0.9518477043673013, "_wandb": {"runtime": 23}}