{"val Slot F1": 0.9793388429752067, "val Intent acc": 0.9919678714859438, "_timestamp": 1723465897.768749, "train loss": 0.004305733853418912, "_runtime": 676.598799943924, "_step": 30, "mean Slot F1": 0.9511377668019051, "mean Intent accuracy": 0.9708846584546472, "_wandb": {"runtime": 675}}