{"val Slot F1": 0, "val Intent acc": 0.7369477911646586, "_timestamp": 1723561791.151427, "train loss": 3.0216287067958287, "_runtime": 15.097886085510254, "_step": 20, "mean Slot F1": 0, "mean Intent accuracy": 0.7077267637178052, "_wandb": {"runtime": 13}}