{"_wandb": {"runtime": 1049}, "val Slot F1": 0.7051744885679905, "val Intent acc": 0.8293172690763052, "_timestamp": 1723385236.0535905, "train loss": 3.332026774542672, "_runtime": 433.6813554763794, "_step": 1}