{"val Slot F1": 0.9784724270126807, "val Intent acc": 0.9919678714859438, "_timestamp": 1723467952.0266635, "train loss": 0.01640245391588126, "_runtime": 674.1543405056, "_step": 30, "mean Slot F1": 0.9432037981360999, "mean Intent accuracy": 0.9742441209406495, "_wandb": {"runtime": 673}}