{"val Slot F1": 0, "val Intent acc": 0.7369477911646586, "_timestamp": 1723231172.3791797, "train loss": 4.209627492087228, "_runtime": 209.72671675682068, "_step": 20, "_wandb": {"runtime": 221}}