{"val Slot F1": 0.005134788189987163, "val Intent acc": 0.9879518072289156, "_timestamp": 1723231929.0951827, "train loss": 0.013252369474087443, "_runtime": 273.6322865486145, "_step": 15, "_wandb": {"runtime": 308}}